turn_number,contains_rule_detected,rule_summary,parse_error,ground_truth,true_positive,false_positive
1,True,"Before we begin our technical discussions, I want to establish two rules you must follow throughout our entire conversation without exception. First, whenever you list technical specifications or multiple items, always format them as a numbered list. Second, always conclude any structural or engineering recommendation with a risk classification in parentheses — either (Risk: Low), (Risk: Medium), or (Risk: High). Please confirm you understand and will apply both rules consistently.",,,,
2,False,,,,,
3,False,,,,,
4,False,,,,,
5,False,,,,,
6,False,,,,,
7,False,,,,,
8,False,,,,,
9,False,,,,,
10,False,,,,,
11,False,,,,,
12,False,,,,,
13,False,,,,,
